Pharmaceutical Sciences,"15.11943,104.91039"
Nursing,"15.11559,104.90653"
Engineering,"15.12032,104.90462"
